[
{
  "model": "intake.visitor",
  "pk": 167,
  "fields": {
    "uuid": "7b84c9f8-e6eb-49cb-b6d6-62e01a226de3",
    "first_visit": "2017-05-09T00:39:31.777Z",
    "source": "share",
    "referrer": "http://bajoradefender.org/services/clean-slate/",
    "ip_address": "48.104.186.127"
  }
},
{
  "model": "intake.applicant",
  "pk": 167,
  "fields": {
    "visitor": 167
  }
},
{
  "model": "intake.formsubmission",
  "pk": 163,
  "fields": {
    "applicant": 167,
    "duplicate_set": null,
    "answers": {
      "contact_preferences": [
        "prefers_email"
      ],
      "first_name": "Jon",
      "middle_name": "Shane",
      "last_name": "Navarro",
      "preferred_pronouns": "none",
      "phone_number": "4152124848",
      "alternate_phone_number": "4152124848",
      "email": "cmrtestuser@gmail.com",
      "address": {
        "street": "1369 Stacey Corners",
        "city": "Santiagofort",
        "state": "UT",
        "zip": "03971",
        "has_no_mailing_address": ""
      },
      "dob": {
        "month": "7",
        "day": "5",
        "year": "1975"
      },
      "us_citizen": "yes",
      "being_charged": "no",
      "serving_sentence": "no",
      "on_probation_parole": "yes",
      "finished_half_probation": "not_applicable",
      "reduced_probation": "yes",
      "rap_outside_sf": "no",
      "when_where_outside_sf": "",
      "has_suspended_license": "no",
      "owes_court_fees": "yes",
      "monthly_income": 2000,
      "on_public_benefits": "no",
      "owns_home": "no",
      "household_size": 2,
      "how_did_you_hear": "from work",
      "additional_information": "I want help",
      "understands_limits": "yes",
      "consent_to_represent": "yes",
      "consent_to_court_appearance": "yes",
      "declaration_letter_intro": "Minus doloremque eius dolores repellat velit veniam. Architecto velit dolorem ex velit ut. Inventore maiores veniam soluta cupiditate ea molestiae itaque fugit.",
      "declaration_letter_life_changes": "Amet libero earum quis explicabo unde earum. Perferendis ullam reprehenderit necessitatibus velit quam. Nulla expedita totam voluptate officia maxime.",
      "declaration_letter_activities": "Tenetur tempore ex id dolores nesciunt mollitia. Praesentium minus ab necessitatibus dolor distinctio. Mollitia ut natus aliquam quaerat aliquid.",
      "declaration_letter_goals": "Asperiores fugit totam sapiente itaque facilis ab reprehenderit aliquid. Itaque possimus saepe cumque saepe itaque. Dolorem aliquam debitis distinctio ipsum consectetur impedit. Unde incidunt mollitia esse voluptatibus excepturi.",
      "declaration_letter_why": "Voluptatem maxime quia debitis ad expedita. Pariatur fugit fugiat fuga debitis nobis. Nesciunt sit nam ex ipsa dolorum sit quos.",
      "currently_employed": "no",
      "income_source": "a job",
      "monthly_expenses": 2000,
      "aliases": "",
      "driver_license_or_id": "D8686343",
      "last_four": "4772",
      "case_number": "C3587-658",
      "where_probation_or_parole": "Yolo County",
      "when_probation_or_parole": "2018",
      "dependents": 1,
      "reasons_for_applying": [
        "lost_job",
        "homeless"
      ],
      "is_veteran": "no",
      "is_student": "no",
      "ssn": "679087000",
      "has_children": "yes",
      "is_married": "no",
      "is_okay_with_not_attending_court": "yes",
      "pfn_number": "250222"
    },
    "first_name": "Jon",
    "last_name": "Navarro",
    "dob": null,
    "ssn": "679087000",
    "last_four": "4772",
    "drivers_license_or_id": "",
    "case_number": "C3587-658",
    "phone_number": "4152124848",
    "alternate_phone_number": "4152124848",
    "email": "cmrtestuser@gmail.com",
    "reasons_for_applying": "['lost_job', 'homeless']",
    "how_did_you_hear": "from work",
    "additional_information": "I want help",
    "aliases": "",
    "pfn_number": "250222",
    "contact_preferences": "['prefers_email']",
    "preferred_pronouns": "none",
    "street": "1369 Stacey Corners",
    "city": "Santiagofort",
    "state": "UT",
    "zip": "03971",
    "us_citizen": "yes",
    "is_veteran": "no",
    "is_student": "no",
    "being_charged": "no",
    "serving_sentence": "no",
    "on_probation_parole": "yes",
    "where_probation_or_parole": "Yolo County",
    "when_probation_or_parole": "2018",
    "finished_half_probation": "not_applicable",
    "reduced_probation": "yes",
    "rap_outside_sf": "no",
    "when_where_outside_sf": "",
    "has_suspended_license": "no",
    "owes_court_fees": "yes",
    "currently_employed": "no",
    "monthly_income": 2000,
    "income_source": "a job",
    "on_public_benefits": "no",
    "owns_home": "no",
    "monthly_expenses": 2000,
    "household_size": 2,
    "dependents": 1,
    "is_married": "no",
    "has_children": "yes",
    "old_uuid": "b7d4c4fcc7f84982bd0230d95f62289f",
    "anonymous_name": "Platinum Sun",
    "date_received": "2017-05-01T18:24:28-07:00"
  }
},
{
  "model": "intake.application",
  "pk": 223,
  "fields": {
    "created": "2017-05-02T01:24:28Z",
    "updated": "2017-05-09T00:39:31.794Z",
    "organization": [
      "Alameda County Public Defender's Office"
    ],
    "form_submission": 163,
    "was_transferred_out": false
  }
},
{
  "model": "intake.application",
  "pk": 224,
  "fields": {
    "created": "2017-05-02T01:24:28Z",
    "updated": "2017-05-09T00:39:31.795Z",
    "organization": [
      "Contra Costa Public Defender"
    ],
    "form_submission": 163,
    "was_transferred_out": false
  }
},
{
  "model": "intake.application",
  "pk": 225,
  "fields": {
    "created": "2017-05-02T01:24:28Z",
    "updated": "2017-05-09T00:39:31.797Z",
    "organization": [
      "Fresno County Public Defender"
    ],
    "form_submission": 163,
    "was_transferred_out": false
  }
},
{
  "model": "intake.application",
  "pk": 226,
  "fields": {
    "created": "2017-05-02T01:24:28Z",
    "updated": "2017-05-09T00:39:31.798Z",
    "organization": [
      "Monterey County Public Defender"
    ],
    "form_submission": 163,
    "was_transferred_out": false
  }
},
{
  "model": "intake.application",
  "pk": 227,
  "fields": {
    "created": "2017-05-02T01:24:28Z",
    "updated": "2017-05-09T00:39:31.799Z",
    "organization": [
      "San Diego County Public Defender"
    ],
    "form_submission": 163,
    "was_transferred_out": false
  }
},
{
  "model": "intake.application",
  "pk": 228,
  "fields": {
    "created": "2017-05-02T01:24:28Z",
    "updated": "2017-05-09T00:39:31.800Z",
    "organization": [
      "San Francisco Public Defender"
    ],
    "form_submission": 163,
    "was_transferred_out": false
  }
},
{
  "model": "intake.application",
  "pk": 229,
  "fields": {
    "created": "2017-05-02T01:24:28Z",
    "updated": "2017-05-09T00:39:31.802Z",
    "organization": [
      "San Joaquin County Public Defender"
    ],
    "form_submission": 163,
    "was_transferred_out": false
  }
},
{
  "model": "intake.application",
  "pk": 230,
  "fields": {
    "created": "2017-05-02T01:24:28Z",
    "updated": "2017-05-09T00:39:31.803Z",
    "organization": [
      "Santa Barbara County Public Defender"
    ],
    "form_submission": 163,
    "was_transferred_out": false
  }
},
{
  "model": "intake.application",
  "pk": 231,
  "fields": {
    "created": "2017-05-02T01:24:28Z",
    "updated": "2017-05-09T00:39:31.805Z",
    "organization": [
      "Santa Clara County Public Defender"
    ],
    "form_submission": 163,
    "was_transferred_out": false
  }
},
{
  "model": "intake.application",
  "pk": 232,
  "fields": {
    "created": "2017-05-02T01:24:28Z",
    "updated": "2017-05-09T00:39:31.806Z",
    "organization": [
      "Santa Cruz County Public Defender"
    ],
    "form_submission": 163,
    "was_transferred_out": false
  }
},
{
  "model": "intake.application",
  "pk": 233,
  "fields": {
    "created": "2017-05-02T01:24:28Z",
    "updated": "2017-05-09T00:39:31.807Z",
    "organization": [
      "Solano County Public Defender"
    ],
    "form_submission": 163,
    "was_transferred_out": false
  }
},
{
  "model": "intake.application",
  "pk": 234,
  "fields": {
    "created": "2017-05-02T01:24:28Z",
    "updated": "2017-05-09T00:39:31.809Z",
    "organization": [
      "Sonoma County Public Defender"
    ],
    "form_submission": 163,
    "was_transferred_out": false
  }
},
{
  "model": "intake.application",
  "pk": 235,
  "fields": {
    "created": "2017-05-02T01:24:28Z",
    "updated": "2017-05-09T00:39:31.810Z",
    "organization": [
      "Tulare County Public Defender"
    ],
    "form_submission": 163,
    "was_transferred_out": false
  }
},
{
  "model": "intake.application",
  "pk": 236,
  "fields": {
    "created": "2017-05-02T01:24:28Z",
    "updated": "2017-05-09T00:39:31.811Z",
    "organization": [
      "Ventura County Public Defender"
    ],
    "form_submission": 163,
    "was_transferred_out": false
  }
},
{
  "model": "intake.statusupdate",
  "pk": 231,
  "fields": {
    "created": "2017-05-09T00:39:33.780Z",
    "updated": "2017-05-09T00:39:33.806Z",
    "status_type": 4,
    "additional_information": "We may be able to get a fee waived for you",
    "author": [
      "santa_clara_pubdef_user"
    ],
    "application": 231,
    "other_next_step": "Come to our Walk-In Clinic",
    "next_steps": [
      1
    ]
  }
},
{
  "model": "intake.statusupdate",
  "pk": 223,
  "fields": {
    "created": "2017-05-09T00:39:33.424Z",
    "updated": "2017-05-09T00:39:33.439Z",
    "status_type": 3,
    "additional_information": "We may be able to get a fee waived for you",
    "author": [
      "a_pubdef_user"
    ],
    "application": 223,
    "other_next_step": "Come to our Walk-In Clinic",
    "next_steps": [
      1
    ]
  }
},
{
  "model": "intake.statusupdate",
  "pk": 232,
  "fields": {
    "created": "2017-05-09T00:39:33.849Z",
    "updated": "2017-05-09T00:39:33.860Z",
    "status_type": 5,
    "additional_information": "We may be able to get a fee waived for you",
    "author": [
      "santa_cruz_pubdef_user"
    ],
    "application": 232,
    "other_next_step": "Come to our Walk-In Clinic",
    "next_steps": [
      1
    ]
  }
},
{
  "model": "intake.statusupdate",
  "pk": 224,
  "fields": {
    "created": "2017-05-09T00:39:33.466Z",
    "updated": "2017-05-09T00:39:33.475Z",
    "status_type": 4,
    "additional_information": "We may be able to get a fee waived for you",
    "author": [
      "cc_pubdef_user"
    ],
    "application": 224,
    "other_next_step": "Come to our Walk-In Clinic",
    "next_steps": [
      1
    ]
  }
},
{
  "model": "intake.statusupdate",
  "pk": 225,
  "fields": {
    "created": "2017-05-09T00:39:33.492Z",
    "updated": "2017-05-09T00:39:33.507Z",
    "status_type": 5,
    "additional_information": "We may be able to get a fee waived for you",
    "author": [
      "fresno_pubdef_user"
    ],
    "application": 225,
    "other_next_step": "Come to our Walk-In Clinic",
    "next_steps": [
      1
    ]
  }
},
{
  "model": "intake.statusupdate",
  "pk": 226,
  "fields": {
    "created": "2017-05-09T00:39:33.526Z",
    "updated": "2017-05-09T00:39:33.549Z",
    "status_type": 6,
    "additional_information": "We may be able to get a fee waived for you",
    "author": [
      "monterey_pubdef_user"
    ],
    "application": 226,
    "other_next_step": "Come to our Walk-In Clinic",
    "next_steps": [
      1
    ]
  }
},
{
  "model": "intake.statusupdate",
  "pk": 233,
  "fields": {
    "created": "2017-05-09T00:39:33.884Z",
    "updated": "2017-05-09T00:39:33.901Z",
    "status_type": 6,
    "additional_information": "We may be able to get a fee waived for you",
    "author": [
      "solano_pubdef_user"
    ],
    "application": 233,
    "other_next_step": "Come to our Walk-In Clinic",
    "next_steps": [
      1
    ]
  }
},
{
  "model": "intake.statusupdate",
  "pk": 227,
  "fields": {
    "created": "2017-05-09T00:39:33.596Z",
    "updated": "2017-05-09T00:39:33.610Z",
    "status_type": 7,
    "additional_information": "We may be able to get a fee waived for you",
    "author": [
      "san_diego_pubdef_user"
    ],
    "application": 227,
    "other_next_step": "Come to our Walk-In Clinic",
    "next_steps": [
      1
    ]
  }
},
{
  "model": "intake.statusupdate",
  "pk": 228,
  "fields": {
    "created": "2017-05-09T00:39:33.631Z",
    "updated": "2017-05-09T00:39:33.656Z",
    "status_type": 1,
    "additional_information": "We may be able to get a fee waived for you",
    "author": [
      "sf_pubdef_user"
    ],
    "application": 228,
    "other_next_step": "Come to our Walk-In Clinic",
    "next_steps": [
      1
    ]
  }
},
{
  "model": "intake.statusupdate",
  "pk": 229,
  "fields": {
    "created": "2017-05-09T00:39:33.693Z",
    "updated": "2017-05-09T00:39:33.711Z",
    "status_type": 2,
    "additional_information": "We may be able to get a fee waived for you",
    "author": [
      "san_joaquin_pubdef_user"
    ],
    "application": 229,
    "other_next_step": "Come to our Walk-In Clinic",
    "next_steps": [
      1
    ]
  }
},
{
  "model": "intake.statusupdate",
  "pk": 234,
  "fields": {
    "created": "2017-05-09T00:39:33.956Z",
    "updated": "2017-05-09T00:39:33.972Z",
    "status_type": 7,
    "additional_information": "We may be able to get a fee waived for you",
    "author": [
      "sonoma_pubdef_user"
    ],
    "application": 234,
    "other_next_step": "Come to our Walk-In Clinic",
    "next_steps": [
      1
    ]
  }
},
{
  "model": "intake.statusupdate",
  "pk": 230,
  "fields": {
    "created": "2017-05-09T00:39:33.726Z",
    "updated": "2017-05-09T00:39:33.760Z",
    "status_type": 3,
    "additional_information": "We may be able to get a fee waived for you",
    "author": [
      "santa_barbara_pubdef_user"
    ],
    "application": 230,
    "other_next_step": "Come to our Walk-In Clinic",
    "next_steps": [
      1
    ]
  }
},
{
  "model": "intake.statusupdate",
  "pk": 235,
  "fields": {
    "created": "2017-05-09T00:39:33.981Z",
    "updated": "2017-05-09T00:39:33.991Z",
    "status_type": 1,
    "additional_information": "We may be able to get a fee waived for you",
    "author": [
      "tulare_pubdef_user"
    ],
    "application": 235,
    "other_next_step": "Come to our Walk-In Clinic",
    "next_steps": [
      1
    ]
  }
},
{
  "model": "intake.statusupdate",
  "pk": 236,
  "fields": {
    "created": "2017-05-09T00:39:34.000Z",
    "updated": "2017-05-09T00:39:34.010Z",
    "status_type": 2,
    "additional_information": "We may be able to get a fee waived for you",
    "author": [
      "ventura_pubdef_user"
    ],
    "application": 236,
    "other_next_step": "Come to our Walk-In Clinic",
    "next_steps": [
      1
    ]
  }
},
{
  "model": "intake.statusnotification",
  "pk": 223,
  "fields": {
    "status_update": 223,
    "contact_info": {
      "email": "cmrtestuser+notification@gmail.com"
    },
    "base_message": "Resistance is futile",
    "sent_message": "Live long and prosper",
    "created": "2017-05-09T00:39:33.426Z"
  }
},
{
  "model": "intake.statusnotification",
  "pk": 224,
  "fields": {
    "status_update": 224,
    "contact_info": {
      "email": "cmrtestuser+notification@gmail.com"
    },
    "base_message": "Resistance is futile",
    "sent_message": "Live long and prosper",
    "created": "2017-05-09T00:39:33.468Z"
  }
},
{
  "model": "intake.statusnotification",
  "pk": 225,
  "fields": {
    "status_update": 225,
    "contact_info": {
      "email": "cmrtestuser+notification@gmail.com"
    },
    "base_message": "Resistance is futile",
    "sent_message": "Live long and prosper",
    "created": "2017-05-09T00:39:33.496Z"
  }
},
{
  "model": "intake.statusnotification",
  "pk": 226,
  "fields": {
    "status_update": 226,
    "contact_info": {
      "email": "cmrtestuser+notification@gmail.com"
    },
    "base_message": "Resistance is futile",
    "sent_message": "Live long and prosper",
    "created": "2017-05-09T00:39:33.530Z"
  }
},
{
  "model": "intake.statusnotification",
  "pk": 227,
  "fields": {
    "status_update": 227,
    "contact_info": {
      "email": "cmrtestuser+notification@gmail.com"
    },
    "base_message": "Resistance is futile",
    "sent_message": "Live long and prosper",
    "created": "2017-05-09T00:39:33.598Z"
  }
},
{
  "model": "intake.statusnotification",
  "pk": 228,
  "fields": {
    "status_update": 228,
    "contact_info": {
      "email": "cmrtestuser+notification@gmail.com"
    },
    "base_message": "Resistance is futile",
    "sent_message": "Live long and prosper",
    "created": "2017-05-09T00:39:33.639Z"
  }
},
{
  "model": "intake.statusnotification",
  "pk": 229,
  "fields": {
    "status_update": 229,
    "contact_info": {
      "email": "cmrtestuser+notification@gmail.com"
    },
    "base_message": "Resistance is futile",
    "sent_message": "Live long and prosper",
    "created": "2017-05-09T00:39:33.698Z"
  }
},
{
  "model": "intake.statusnotification",
  "pk": 230,
  "fields": {
    "status_update": 230,
    "contact_info": {
      "email": "cmrtestuser+notification@gmail.com"
    },
    "base_message": "Resistance is futile",
    "sent_message": "Live long and prosper",
    "created": "2017-05-09T00:39:33.729Z"
  }
},
{
  "model": "intake.statusnotification",
  "pk": 231,
  "fields": {
    "status_update": 231,
    "contact_info": {
      "email": "cmrtestuser+notification@gmail.com"
    },
    "base_message": "Resistance is futile",
    "sent_message": "Live long and prosper",
    "created": "2017-05-09T00:39:33.786Z"
  }
},
{
  "model": "intake.statusnotification",
  "pk": 232,
  "fields": {
    "status_update": 232,
    "contact_info": {
      "email": "cmrtestuser+notification@gmail.com"
    },
    "base_message": "Resistance is futile",
    "sent_message": "Live long and prosper",
    "created": "2017-05-09T00:39:33.851Z"
  }
},
{
  "model": "intake.statusnotification",
  "pk": 233,
  "fields": {
    "status_update": 233,
    "contact_info": {
      "email": "cmrtestuser+notification@gmail.com"
    },
    "base_message": "Resistance is futile",
    "sent_message": "Live long and prosper",
    "created": "2017-05-09T00:39:33.887Z"
  }
},
{
  "model": "intake.statusnotification",
  "pk": 234,
  "fields": {
    "status_update": 234,
    "contact_info": {
      "email": "cmrtestuser+notification@gmail.com"
    },
    "base_message": "Resistance is futile",
    "sent_message": "Live long and prosper",
    "created": "2017-05-09T00:39:33.961Z"
  }
},
{
  "model": "intake.statusnotification",
  "pk": 235,
  "fields": {
    "status_update": 235,
    "contact_info": {
      "email": "cmrtestuser+notification@gmail.com"
    },
    "base_message": "Resistance is futile",
    "sent_message": "Live long and prosper",
    "created": "2017-05-09T00:39:33.984Z"
  }
},
{
  "model": "intake.statusnotification",
  "pk": 236,
  "fields": {
    "status_update": 236,
    "contact_info": {
      "email": "cmrtestuser+notification@gmail.com"
    },
    "base_message": "Resistance is futile",
    "sent_message": "Live long and prosper",
    "created": "2017-05-09T00:39:34.003Z"
  }
}
]
